,range,$C_o$,drift equations
values,232996.2446049292,1292553571.4285715,[3 3]
