,range,$C_o$,drift equations
values,46650.294747193184,51815476.19047619,[3 3 3 3 3 3]
