,rescaling factor,centers
values,78011.86399999994,[ 4.40496659e+05  7.77958706e+06 -1.60867500e+03]
