,range,$C_o$,drift equations
values,30054.78331314335,21506904.76190476,[3 3 3 3 3 3]
