X,Y,Z,azimuth,dip,polarity,formation
1000,0,650,0.37835509931074013,210.40595798581035,1.0,SeaFloor
1000,0,450,0.43857599501879846,200.08835123975172,1.0,f1
1000,0,150,0.5205477188219866,204.38425046320836,1.0,f2
1000,0,0,0.5878017039244561,211.13375109487595,1.0,f3
